{
	"carName": "porsche_991ii_gt3_r",
	"basicSetup":
	{
		"tyres":
		{
			"tyreCompound": 0,
			"tyrePressure": [ 57, 57, 56, 56 ]
		},
		"alignment":
		{
			"camber": [ 2, 2, 0, 0 ],
			"toe": [ 0, 0, 0, 0 ],
			"staticCamber": [ -4.8949546813964844, -4.8949551582336426, -0.86722415685653687, -0.86722409725189209 ],
			"toeOutLinear": [ 0.00071404268965125084, 0.00071404385380446911, -0.003530474379658699, -0.0035304785706102848 ],
			"casterLF": 18,
			"casterRF": 18,
			"steerRatio": 2
		},
		"electronics":
		{
			"tC1": 3,
			"tC2": 3,
			"abs": 4,
			"eCUMap": 7,
			"fuelMix": 0,
			"telemetryLaps": 0
		},
		"strategy":
		{
			"fuel": 26,
			"nPitStops": 0,
			"tyreSet": 0,
			"frontBrakePadCompound": 0,
			"rearBrakePadCompound": 0,
			"pitStrategy": [
				{
					"fuelToAdd": 0,
					"tyres":
					{
						"tyreCompound": 0,
						"tyrePressure": [ 0, 0, 0, 0 ]
					},
					"tyreSet": 2,
					"frontBrakePadCompound": 0,
					"rearBrakePadCompound": 0
				}
			],
			"fuelPerLap": 2.7999999523162842
		}
	},
	"advancedSetup":
	{
		"mechanicalBalance":
		{
			"aRBFront": 4,
			"aRBRear": 4,
			"wheelRate": [ 3, 3, 0, 0 ],
			"bumpStopRateUp": [ 0, 0, 0, 0 ],
			"bumpStopRateDn": [ 0, 0, 10, 10 ],
			"bumpStopWindow": [ 1, 1, 15, 15 ],
			"brakeTorque": 20,
			"brakeBias": 14
		},
		"dampers":
		{
			"bumpSlow": [ 11, 11, 10, 10 ],
			"bumpFast": [ 5, 5, 4, 4 ],
			"reboundSlow": [ 12, 12, 14, 14 ],
			"reboundFast": [ 6, 6, 4, 4 ]
		},
		"aeroBalance":
		{
			"rideHeight": [ 0, 11, 21, 18 ],
			"rodLength": [ 52.735542297363281, 52.735542297363281, -40.665538787841797, -40.665538787841797 ],
			"splitter": 0,
			"rearWing": 12,
			"brakeDuct": [ 3, 3 ]
		},
		"drivetrain":
		{
			"preload": 8
		}
	},
	"trackBopType": 34
}