{
	"carName": "mclaren_720s_gt3",
	"basicSetup":
	{
		"tyres":
		{
			"tyreCompound": 0,
			"tyrePressure": [ 54, 54, 48, 48 ]
		},
		"alignment":
		{
			"camber": [ 2, 2, 0, 0 ],
			"toe": [ 43, 43, 15, 15 ],
			"staticCamber": [ -4.4021162986755371, -4.4021205902099609, -4.0613059997558594, -4.0613126754760742 ],
			"toeOutLinear": [ 0.0015920634614303708, 0.0015923010651022196, 0.00022476176673080772, 0.00022475204605143517 ],
			"casterLF": 11,
			"casterRF": 11,
			"steerRatio": 2
		},
		"electronics":
		{
			"tC1": 6,
			"tC2": 6,
			"abs": 6,
			"eCUMap": 0,
			"fuelMix": 0,
			"telemetryLaps": 0
		},
		"strategy":
		{
			"fuel": 60,
			"nPitStops": 0,
			"tyreSet": 0,
			"frontBrakePadCompound": 1,
			"rearBrakePadCompound": 1,
			"pitStrategy": [
				{
					"fuelToAdd": 0,
					"tyres":
					{
						"tyreCompound": 0,
						"tyrePressure": [ 0, 0, 0, 0 ]
					},
					"tyreSet": 2,
					"frontBrakePadCompound": 0,
					"rearBrakePadCompound": 0
				}
			],
			"fuelPerLap": 3.7300000190734863
		}
	},
	"advancedSetup":
	{
		"mechanicalBalance":
		{
			"aRBFront": 1,
			"aRBRear": 2,
			"wheelRate": [ 2, 2, 3, 3 ],
			"bumpStopRateUp": [ 5, 5, 2, 2 ],
			"bumpStopRateDn": [ 0, 0, 10, 10 ],
			"bumpStopWindow": [ 1, 1, 50, 50 ],
			"brakeTorque": 20,
			"brakeBias": 60
		},
		"dampers":
		{
			"bumpSlow": [ 25, 25, 20, 20 ],
			"bumpFast": [ 31, 31, 23, 23 ],
			"reboundSlow": [ 8, 8, 22, 22 ],
			"reboundFast": [ 9, 9, 23, 23 ]
		},
		"aeroBalance":
		{
			"rideHeight": [ 6, 6, 0, 18 ],
			"rodLength": [ 65.566062927246094, 65.566062927246094, 32.368244171142578, 32.368244171142578 ],
			"splitter": 0,
			"rearWing": 0,
			"brakeDuct": [ 4, 4 ]
		},
		"drivetrain":
		{
			"preload": 6
		}
	},
	"trackBopType": 25
}