{
	"carName": "audi_r8_lms_evo",
	"basicSetup":
	{
		"tyres":
		{
			"tyreCompound": 0,
			"tyrePressure": [ 60, 65, 56, 62 ]
		},
		"alignment":
		{
			"camber": [ 3, 3, 5, 0 ],
			"toe": [ 30, 30, 60, 65 ],
			"staticCamber": [ -3.8851683139801025, -3.8823864459991455, -2.8569972515106201, -3.345545768737793 ],
			"toeOutLinear": [ 0.00041939399670809507, 0.00041948401485569775, 0.0006754806381650269, 0.00084111362230032682 ],
			"casterLF": 18,
			"casterRF": 18,
			"steerRatio": 3
		},
		"electronics":
		{
			"tC1": 4,
			"tC2": 0,
			"abs": 3,
			"eCUMap": 0,
			"fuelMix": 0,
			"telemetryLaps": 99
		},
		"strategy":
		{
			"fuel": 89,
			"nPitStops": 0,
			"tyreSet": 1,
			"frontBrakePadCompound": 1,
			"rearBrakePadCompound": 1,
			"pitStrategy": [
				{
					"fuelToAdd": 0,
					"tyres":
					{
						"tyreCompound": 0,
						"tyrePressure": [ 60, 65, 56, 62 ]
					},
					"tyreSet": 2,
					"frontBrakePadCompound": 1,
					"rearBrakePadCompound": 1
				},
				{
					"fuelToAdd": 0,
					"tyres":
					{
						"tyreCompound": 1,
						"tyrePressure": [ 60, 65, 56, 62 ]
					},
					"tyreSet": 2,
					"frontBrakePadCompound": 1,
					"rearBrakePadCompound": 1
				}
			],
			"fuelPerLap": 3
		}
	},
	"advancedSetup":
	{
		"mechanicalBalance":
		{
			"aRBFront": 3,
			"aRBRear": 3,
			"wheelRate": [ 2, 2, 2, 2 ],
			"bumpStopRateUp": [ 6, 5, 5, 5 ],
			"bumpStopRateDn": [ 0, 0, 10, 10 ],
			"bumpStopWindow": [ 9, 9, 20, 22 ],
			"brakeTorque": 20,
			"brakeBias": 60
		},
		"dampers":
		{
			"bumpSlow": [ 30, 34, 29, 32 ],
			"bumpFast": [ 17, 15, 12, 12 ],
			"reboundSlow": [ 33, 32, 35, 35 ],
			"reboundFast": [ 15, 15, 15, 15 ]
		},
		"aeroBalance":
		{
			"rideHeight": [ 5, 6, 13, 18 ],
			"rodLength": [ 30.543647766113281, 30.543647766113281, 15.262697219848633, 15.262697219848633 ],
			"splitter": 0,
			"rearWing": 5,
			"brakeDuct": [ 3, 3 ]
		},
		"drivetrain":
		{
			"preload": 15
		}
	},
	"trackBopType": 28
}