{
	"carName": "porsche_991ii_gt3_r",
	"basicSetup":
	{
		"tyres":
		{
			"tyreCompound": 0,
			"tyrePressure": [ 50, 62, 46, 55 ]
		},
		"alignment":
		{
			"camber": [ 0, 0, 0, 0 ],
			"toe": [ 30, 30, 55, 55 ],
			"staticCamber": [ -5.0756659507751465, -5.0689935684204102, -0.76360994577407837, -0.75684618949890137 ],
			"toeOutLinear": [ -5.3308674978325143e-05, -5.3251831559464335e-05, -0.0058520948514342308, -0.0058520655147731304 ],
			"casterLF": 11,
			"casterRF": 11,
			"steerRatio": 3
		},
		"electronics":
		{
			"tC1": 4,
			"tC2": 4,
			"abs": 3,
			"eCUMap": 7,
			"fuelMix": 0,
			"telemetryLaps": 99
		},
		"strategy":
		{
			"fuel": 70,
			"nPitStops": 0,
			"tyreSet": 0,
			"frontBrakePadCompound": 1,
			"rearBrakePadCompound": 1,
			"pitStrategy": [
				{
					"fuelToAdd": 0,
					"tyres":
					{
						"tyreCompound": 0,
						"tyrePressure": [ 50, 62, 46, 55 ]
					},
					"tyreSet": 2,
					"frontBrakePadCompound": 0,
					"rearBrakePadCompound": 0
				},
				{
					"fuelToAdd": 0,
					"tyres":
					{
						"tyreCompound": 1,
						"tyrePressure": [ 55, 67, 51, 60 ]
					},
					"tyreSet": 2,
					"frontBrakePadCompound": 1,
					"rearBrakePadCompound": 1
				}
			],
			"fuelPerLap": 2.7311549186706543
		}
	},
	"advancedSetup":
	{
		"mechanicalBalance":
		{
			"aRBFront": 2,
			"aRBRear": 1,
			"wheelRate": [ 5, 5, 3, 3 ],
			"bumpStopRateUp": [ 6, 6, 2, 2 ],
			"bumpStopRateDn": [ 0, 0, 10, 10 ],
			"bumpStopWindow": [ 1, 1, 50, 50 ],
			"brakeTorque": 20,
			"brakeBias": 45
		},
		"dampers":
		{
			"bumpSlow": [ 13, 14, 9, 9 ],
			"bumpFast": [ 3, 3, 4, 4 ],
			"reboundSlow": [ 14, 12, 8, 8 ],
			"reboundFast": [ 5, 7, 4, 4 ]
		},
		"aeroBalance":
		{
			"rideHeight": [ 0, 11, 20, 18 ],
			"rodLength": [ 51.497646331787109, 51.497646331787109, -44.988239288330078, -44.988239288330078 ],
			"splitter": 5,
			"rearWing": 9,
			"brakeDuct": [ 3, 2 ]
		},
		"drivetrain":
		{
			"preload": 4
		}
	},
	"trackBopType": 27
}