{
	"carName": "porsche_991ii_gt3_r",
	"basicSetup":
	{
		"tyres":
		{
			"tyreCompound": 0,
			"tyrePressure": [ 59, 68, 54, 60 ]
		},
		"alignment":
		{
			"camber": [ 21, 21, 11, 11 ],
			"toe": [ 33, 33, 45, 45 ],
			"staticCamber": [ -5.4799633026123047, -5.4762825965881348, -1.1747554540634155, -1.1699928045272827 ],
			"toeOutLinear": [ -9.22223916859366e-05, -9.2198330094106495e-05, -0.0054346304386854172, -0.0054345419630408287 ],
			"casterLF": 16,
			"casterRF": 16,
			"steerRatio": 4
		},
		"electronics":
		{
			"tC1": 2,
			"tC2": 4,
			"abs": 2,
			"eCUMap": 7,
			"fuelMix": 0,
			"telemetryLaps": 99
		},
		"strategy":
		{
			"fuel": 13,
			"nPitStops": 0,
			"tyreSet": 0,
			"frontBrakePadCompound": 0,
			"rearBrakePadCompound": 0,
			"pitStrategy": [
				{
					"fuelToAdd": 0,
					"tyres":
					{
						"tyreCompound": 0,
						"tyrePressure": [ 0, 0, 0, 0 ]
					},
					"tyreSet": 2,
					"frontBrakePadCompound": 0,
					"rearBrakePadCompound": 0
				}
			],
			"fuelPerLap": 2.7311549186706543
		}
	},
	"advancedSetup":
	{
		"mechanicalBalance":
		{
			"aRBFront": 2,
			"aRBRear": 5,
			"wheelRate": [ 7, 7, 2, 2 ],
			"bumpStopRateUp": [ 6, 6, 0, 0 ],
			"bumpStopRateDn": [ 0, 0, 10, 10 ],
			"bumpStopWindow": [ 30, 30, 35, 35 ],
			"brakeTorque": 20,
			"brakeBias": 37
		},
		"dampers":
		{
			"bumpSlow": [ 7, 7, 2, 2 ],
			"bumpFast": [ 16, 16, 6, 6 ],
			"reboundSlow": [ 9, 9, 6, 6 ],
			"reboundFast": [ 14, 14, 12, 12 ]
		},
		"aeroBalance":
		{
			"rideHeight": [ 0, 11, 20, 18 ],
			"rodLength": [ 48.387245178222656, 48.387245178222656, -44.848773956298828, -44.848773956298828 ],
			"splitter": 5,
			"rearWing": 12,
			"brakeDuct": [ 4, 3 ]
		},
		"drivetrain":
		{
			"preload": 4
		}
	},
	"trackBopType": 11
}