{
	"carName": "bmw_m4_gt3",
	"basicSetup":
	{
		"tyres":
		{
			"tyreCompound": 0,
			"tyrePressure": [ 50, 61, 48, 57 ]
		},
		"alignment":
		{
			"camber": [ 3, 3, 0, 0 ],
			"toe": [ 18, 18, 0, 0 ],
			"staticCamber": [ -3.8024497032165527, -3.795616626739502, -1.8971265554428101, -1.8909134864807129 ],
			"toeOutLinear": [ 1.7120970369433053e-05, 1.7122682038461789e-05, 0.00033609315869398415, 0.00033609525416977704 ],
			"casterLF": 6,
			"casterRF": 6,
			"steerRatio": 4
		},
		"electronics":
		{
			"tC1": 1,
			"tC2": 0,
			"abs": 3,
			"eCUMap": 0,
			"fuelMix": 0,
			"telemetryLaps": 0
		},
		"strategy":
		{
			"fuel": 28,
			"nPitStops": 0,
			"tyreSet": 1,
			"frontBrakePadCompound": 0,
			"rearBrakePadCompound": 0,
			"pitStrategy": [
				{
					"fuelToAdd": 0,
					"tyres":
					{
						"tyreCompound": 0,
						"tyrePressure": [ 48, 57, 54, 60 ]
					},
					"tyreSet": 2,
					"frontBrakePadCompound": 1,
					"rearBrakePadCompound": 1
				}
			],
			"fuelPerLap": 3.5999999046325684
		}
	},
	"advancedSetup":
	{
		"mechanicalBalance":
		{
			"aRBFront": 6,
			"aRBRear": 5,
			"wheelRate": [ 4, 4, 2, 2 ],
			"bumpStopRateUp": [ 14, 14, 2, 2 ],
			"bumpStopRateDn": [ 0, 0, 10, 10 ],
			"bumpStopWindow": [ 0, 0, 30, 30 ],
			"brakeTorque": 20,
			"brakeBias": 8
		},
		"dampers":
		{
			"bumpSlow": [ 20, 20, 20, 20 ],
			"bumpFast": [ 25, 25, 25, 25 ],
			"reboundSlow": [ 26, 26, 20, 20 ],
			"reboundFast": [ 30, 30, 30, 30 ]
		},
		"aeroBalance":
		{
			"rideHeight": [ 0, 11, 0, 18 ],
			"rodLength": [ 19.421859741210938, 19.421859741210938, -4.0211467742919922, -4.0211467742919922 ],
			"splitter": 0,
			"rearWing": 0,
			"brakeDuct": [ 3, 2 ]
		},
		"drivetrain":
		{
			"preload": 5
		}
	},
	"trackBopType": 31
}