{
	"carName": "amr_v8_vantage_gt3",
	"basicSetup":
	{
		"tyres":
		{
			"tyreCompound": 0,
			"tyrePressure": [ 56, 67, 56, 63 ]
		},
		"alignment":
		{
			"camber": [ 6, 6, 4, 6 ],
			"toe": [ 35, 35, 46, 46 ],
			"staticCamber": [ -4.7678470611572266, -4.7622156143188477, -5.0932135581970215, -4.8820934295654297 ],
			"toeOutLinear": [ 6.8659130192827433e-05, 6.8687215389218181e-05, 0.00019094297022093087, 0.00019083975348621607 ],
			"casterLF": 3,
			"casterRF": 3,
			"steerRatio": 1
		},
		"electronics":
		{
			"tC1": 4,
			"tC2": 4,
			"abs": 4,
			"eCUMap": 0,
			"fuelMix": 0,
			"telemetryLaps": 10
		},
		"strategy":
		{
			"fuel": 60,
			"nPitStops": 0,
			"tyreSet": 2,
			"frontBrakePadCompound": 1,
			"rearBrakePadCompound": 1,
			"pitStrategy": [
				{
					"fuelToAdd": 0,
					"tyres":
					{
						"tyreCompound": 0,
						"tyrePressure": [ 50, 63, 50, 61 ]
					},
					"tyreSet": 2,
					"frontBrakePadCompound": 1,
					"rearBrakePadCompound": 1
				}
			],
			"fuelPerLap": 2.4407603740692139
		}
	},
	"advancedSetup":
	{
		"mechanicalBalance":
		{
			"aRBFront": 2,
			"aRBRear": 3,
			"wheelRate": [ 3, 3, 5, 5 ],
			"bumpStopRateUp": [ 5, 5, 4, 4 ],
			"bumpStopRateDn": [ 0, 0, 10, 10 ],
			"bumpStopWindow": [ 7, 7, 55, 55 ],
			"brakeTorque": 20,
			"brakeBias": 25
		},
		"dampers":
		{
			"bumpSlow": [ 22, 22, 13, 13 ],
			"bumpFast": [ 20, 20, 15, 15 ],
			"reboundSlow": [ 24, 24, 20, 20 ],
			"reboundFast": [ 25, 25, 20, 20 ]
		},
		"aeroBalance":
		{
			"rideHeight": [ 0, 6, 17, 18 ],
			"rodLength": [ 57.906887054443359, 57.906887054443359, 62.400154113769531, 62.400154113769531 ],
			"splitter": 0,
			"rearWing": 6,
			"brakeDuct": [ 4, 3 ]
		},
		"drivetrain":
		{
			"preload": 1
		}
	},
	"trackBopType": 9
}