{
	"carName": "audi_r8_lms_evo",
	"basicSetup":
	{
		"tyres":
		{
			"tyreCompound": 0,
			"tyrePressure": [ 55, 71, 54, 67 ]
		},
		"alignment":
		{
			"camber": [ 0, 0, 0, 0 ],
			"toe": [ 33, 33, 60, 60 ],
			"staticCamber": [ -4.1359553337097168, -4.1278657913208008, -3.267725944519043, -3.2566709518432617 ],
			"toeOutLinear": [ 0.00028470988036133349, 0.00028477938030846417, 0.00069322955096140504, 0.0006932393298484385 ],
			"casterLF": 15,
			"casterRF": 15,
			"steerRatio": 4
		},
		"electronics":
		{
			"tC1": 4,
			"tC2": 0,
			"abs": 4,
			"eCUMap": 0,
			"fuelMix": 0,
			"telemetryLaps": 99
		},
		"strategy":
		{
			"fuel": 68,
			"nPitStops": 0,
			"tyreSet": 0,
			"frontBrakePadCompound": 1,
			"rearBrakePadCompound": 1,
			"pitStrategy": [
				{
					"fuelToAdd": 0,
					"tyres":
					{
						"tyreCompound": 0,
						"tyrePressure": [ 48, 61, 45, 56 ]
					},
					"tyreSet": 2,
					"frontBrakePadCompound": 1,
					"rearBrakePadCompound": 1
				}
			],
			"fuelPerLap": 2.7699999809265137
		}
	},
	"advancedSetup":
	{
		"mechanicalBalance":
		{
			"aRBFront": 0,
			"aRBRear": 2,
			"wheelRate": [ 4, 4, 4, 4 ],
			"bumpStopRateUp": [ 10, 10, 3, 3 ],
			"bumpStopRateDn": [ 0, 0, 10, 10 ],
			"bumpStopWindow": [ 7, 7, 48, 48 ],
			"brakeTorque": 20,
			"brakeBias": 49
		},
		"dampers":
		{
			"bumpSlow": [ 12, 12, 20, 20 ],
			"bumpFast": [ 11, 11, 13, 13 ],
			"reboundSlow": [ 26, 26, 20, 20 ],
			"reboundFast": [ 15, 15, 20, 20 ]
		},
		"aeroBalance":
		{
			"rideHeight": [ 0, 6, 8, 18 ],
			"rodLength": [ 22.814735412597656, 22.814735412597656, 8.0092563629150391, 8.0092563629150391 ],
			"splitter": 0,
			"rearWing": 5,
			"brakeDuct": [ 5, 3 ]
		},
		"drivetrain":
		{
			"preload": 23
		}
	},
	"trackBopType": 27
}